age,tenure_months,engagement_score,past_incidents,income_k,neighborhood_index,prior_support,positive_outcome
43.7,8.3,38.5,1,21.08,0.106,1,0
27.5,27.3,41.3,1,15.36,0.168,0,0
49.0,13.9,43.0,0,21.75,0.401,1,0
51.3,13.3,22.2,2,31.19,0.915,0,1
18.0,67.2,62.9,1,15.25,0.349,1,0
24.4,35.1,67.9,2,19.32,0.25,1,0
41.5,19.0,39.5,2,13.58,0.743,0,0
36.2,2.1,55.2,2,30.62,0.949,1,1
39.8,5.3,46.0,1,21.33,0.459,1,0
29.8,9.2,54.9,1,16.36,0.009,0,0
50.6,20.8,40.6,0,22.75,0.688,0,0
49.3,27.2,36.7,1,14.45,0.415,0,0
40.8,11.6,65.8,0,15.34,0.674,0,0
53.5,32.3,49.0,1,13.21,0.278,0,0
45.6,29.5,80.3,0,15.16,0.002,1,0
29.7,14.9,50.7,1,35.42,0.344,0,1
44.4,9.3,36.1,0,17.04,0.705,1,0
28.5,3.2,68.4,0,25.93,0.393,1,1
50.5,25.9,59.5,0,16.44,0.219,1,0
39.4,21.7,60.9,0,28.73,0.464,0,1
37.8,30.5,67.9,0,15.38,0.752,0,0
31.8,42.7,40.2,1,22.33,0.119,1,0
54.7,51.8,48.1,0,22.44,0.692,0,0
38.1,38.1,47.4,0,49.75,0.667,0,1
34.9,16.4,30.6,2,27.46,0.371,1,1
35.8,19.2,46.0,1,17.9,0.97,0,0
46.4,36.6,70.0,3,27.99,0.895,0,1
44.4,12.5,53.6,0,46.55,0.316,0,1
45.0,13.2,29.8,0,12.45,0.031,0,0
45.2,33.1,26.7,0,16.4,0.308,1,0
65.7,53.1,75.0,0,20.27,0.205,0,0
35.1,37.2,48.6,1,19.03,0.547,1,0
33.9,33.5,40.3,1,19.6,0.919,1,0
30.2,20.7,45.9,0,13.95,0.87,0,0
47.4,12.2,27.8,2,36.0,0.306,0,1
53.5,31.0,71.3,1,13.39,0.429,0,0
38.6,48.4,44.1,0,20.54,0.037,1,0
29.9,16.8,70.5,1,31.76,0.544,1,1
30.1,14.2,50.8,1,21.79,0.063,0,0
47.8,14.4,71.4,2,15.63,0.939,0,0
48.9,26.4,53.9,0,13.74,0.867,0,0
46.5,41.0,62.8,0,20.32,0.214,0,0
32.0,4.4,60.8,2,16.9,0.699,0,0
42.8,22.1,59.3,0,23.67,0.568,0,0
41.4,8.3,55.2,0,13.49,0.801,1,0
42.6,59.7,46.5,1,29.28,0.476,0,1
50.5,23.6,78.7,1,22.94,0.192,0,0
42.7,16.6,36.4,0,23.54,0.64,1,1
48.1,24.9,50.1,1,36.47,0.08,1,1
40.8,6.7,50.2,1,18.9,0.585,0,0
43.5,9.5,56.0,3,17.09,0.213,1,0
47.6,22.0,43.6,1,18.18,0.685,0,0
22.5,32.8,54.7,0,20.59,0.828,1,0
36.2,2.6,47.5,0,21.34,0.11,0,0
34.4,41.8,26.3,1,16.47,0.4,1,0
32.3,17.1,50.1,0,10.85,0.734,0,0
36.7,33.7,33.5,1,18.1,0.164,1,0
57.9,27.1,24.0,1,24.98,0.567,1,0
29.6,55.4,52.1,0,23.1,0.672,0,0
51.6,26.6,57.3,1,33.52,0.355,0,1
19.8,41.0,57.9,2,43.67,0.832,0,1
36.0,14.8,58.5,0,28.73,0.511,0,1
42.0,6.7,21.0,0,35.73,0.627,1,1
47.0,36.6,29.6,0,28.81,0.141,1,1
48.5,6.6,79.6,0,40.07,0.023,0,1
49.5,32.6,34.3,1,42.1,0.051,0,1
35.8,10.1,59.2,1,30.73,0.904,1,1
34.5,25.1,39.7,1,28.2,0.883,0,1
50.3,56.0,51.2,0,20.5,0.808,1,0
37.7,31.1,40.5,1,21.71,0.2,0,0
24.7,18.7,58.4,1,19.57,0.525,0,0
26.4,27.4,52.1,1,27.38,0.796,0,1
29.0,15.2,43.3,1,17.12,0.675,0,0
46.0,68.0,34.2,0,20.6,0.116,1,0
41.7,13.1,54.0,0,9.66,0.896,0,0
48.3,19.9,31.8,0,40.26,0.161,1,1
34.9,29.6,56.4,0,20.39,0.172,1,0
41.9,26.3,89.4,2,25.83,0.901,0,0
47.5,28.0,70.3,0,36.69,0.485,0,1
36.3,15.4,60.8,0,24.47,0.373,1,1
45.5,18.2,48.7,1,36.52,0.554,1,1
32.1,35.7,20.9,0,14.26,0.981,0,0
35.6,34.7,30.2,1,50.97,0.12,0,1
35.4,26.6,69.2,1,32.22,0.757,1,1
25.6,43.8,38.2,1,23.7,0.334,0,0
45.8,36.5,39.5,0,36.27,0.117,1,1
34.4,34.1,47.5,1,14.63,0.422,0,0
40.1,6.5,34.1,1,19.91,0.549,1,0
45.8,26.5,31.6,0,36.52,0.206,0,1
45.4,23.7,49.2,1,11.46,0.405,1,0
48.0,47.0,36.6,1,26.8,0.636,0,1
38.8,1.5,38.9,1,26.54,0.576,0,1
34.9,19.3,38.3,0,43.88,0.723,0,1
39.0,22.6,57.8,1,12.66,0.836,1,0
19.8,10.1,46.5,0,38.69,0.409,0,1
22.6,11.5,47.3,2,18.11,0.423,0,0
24.1,47.0,59.0,3,18.84,0.497,1,0
28.0,28.0,47.9,0,14.36,0.566,0,0
44.8,56.1,45.8,0,15.05,0.108,0,0
29.1,19.0,57.1,2,25.37,0.313,1,1
35.5,7.7,60.0,0,14.92,0.172,1,0
55.6,17.4,47.8,0,28.54,0.386,1,1
35.7,15.5,51.2,1,17.47,0.973,0,0
48.9,31.8,38.3,0,14.41,0.583,0,0
28.8,31.0,37.1,2,18.31,0.429,1,0
37.5,28.8,61.5,0,24.78,0.566,0,1
28.6,65.7,56.7,2,19.99,0.669,1,0
35.9,42.4,56.8,0,22.29,0.435,0,0
50.1,12.0,54.2,1,28.1,0.448,1,1
19.3,37.2,50.7,0,32.17,0.701,1,1
45.2,21.7,60.4,0,19.76,0.061,0,0
42.9,18.7,64.0,1,15.28,0.54,0,0
32.9,45.4,63.7,0,22.62,0.547,0,0
22.6,11.5,48.5,0,25.97,0.757,0,1
40.9,35.8,70.8,0,13.21,0.983,1,0
33.6,32.6,53.4,2,16.13,0.796,0,0
42.8,11.4,59.5,0,17.12,0.504,0,0
40.3,6.3,54.2,0,20.48,0.169,0,0
59.2,20.3,53.7,1,16.88,0.588,1,0
37.1,1.3,39.0,1,28.21,0.834,0,1
27.7,39.6,60.5,0,12.56,0.932,0,0
42.2,26.4,92.7,0,12.67,0.825,1,0
42.6,46.2,44.4,2,19.6,0.189,0,0
56.3,25.4,51.1,0,20.71,0.713,0,0
50.0,47.9,43.3,1,13.24,0.88,1,0
44.3,14.5,42.7,2,17.81,0.681,0,0
57.6,28.7,73.2,1,19.14,0.686,1,0
25.7,16.6,39.9,1,19.19,0.5,1,0
32.3,19.9,42.9,1,23.23,0.637,1,0
28.9,22.5,26.2,0,17.47,0.294,0,0
35.3,26.4,38.6,0,36.95,0.089,0,1
23.5,13.2,24.4,0,26.13,0.828,0,1
47.6,27.9,59.5,1,16.61,0.943,0,0
37.3,21.9,92.0,0,22.77,0.857,0,0
22.4,8.0,44.5,2,23.0,0.334,0,0
27.8,5.6,25.0,0,33.7,0.094,1,1
43.8,39.7,63.5,2,17.85,0.28,0,0
50.1,19.3,39.1,1,28.81,0.843,1,1
64.0,7.4,69.5,0,22.35,0.656,1,0
75.0,52.3,45.8,1,37.13,0.967,1,1
45.0,29.6,40.5,1,34.61,0.343,1,1
28.1,25.9,47.3,0,23.6,0.551,1,0
18.0,12.4,61.4,0,20.09,0.79,0,0
43.2,8.0,46.6,0,26.3,0.234,0,1
30.2,23.8,42.5,0,20.68,0.964,1,0
35.0,21.0,47.0,1,39.66,0.592,1,1
32.7,10.2,30.9,1,22.64,0.008,1,0
38.3,9.9,56.0,0,19.11,0.025,1,0
52.8,9.6,23.2,1,18.75,0.882,0,0
41.9,9.3,43.3,1,14.41,0.645,0,0
38.1,14.2,61.4,2,26.76,0.763,1,1
27.6,25.9,54.5,1,16.53,0.784,0,0
19.9,28.5,58.9,0,32.35,0.42,0,1
34.2,20.8,49.0,3,14.01,0.799,1,0
39.4,23.1,67.5,0,23.03,0.938,1,0
61.2,29.3,63.9,1,32.94,0.172,0,1
41.6,4.4,56.7,0,10.37,0.764,1,0
51.8,24.2,63.9,0,44.64,0.308,0,1
34.0,43.5,61.3,0,18.98,0.321,1,0
25.8,19.0,43.4,1,23.14,0.413,0,0
28.4,38.8,29.8,0,26.9,0.864,1,1
31.3,19.2,56.3,0,28.4,0.022,0,1
65.5,30.5,58.2,1,24.24,0.434,0,0
30.1,25.6,66.4,0,31.23,0.68,0,1
50.1,9.4,36.0,1,26.41,0.11,0,1
29.2,11.1,36.4,2,40.79,0.792,0,1
51.2,47.9,56.9,0,26.44,0.942,1,1
44.6,34.3,48.9,0,43.81,0.091,1,1
38.1,20.0,21.7,0,30.19,0.153,0,1
39.5,18.4,55.6,0,11.71,0.974,1,0
32.1,12.5,22.2,0,54.93,0.198,1,1
45.4,26.9,35.8,0,18.02,0.079,1,0
34.5,13.2,70.3,1,37.18,0.952,0,1
25.3,16.9,77.4,0,22.23,0.893,0,0
24.7,14.1,31.8,1,31.93,0.656,1,1
42.1,33.1,45.1,0,17.31,0.551,0,0
58.9,19.5,50.6,0,27.42,0.919,0,1
41.9,23.2,76.7,0,20.16,0.656,1,0
38.6,9.6,42.6,0,38.28,0.658,0,1
43.4,14.1,42.8,2,25.68,0.844,1,0
55.7,23.5,73.2,0,30.56,0.653,0,1
42.6,6.6,44.4,1,10.33,0.504,1,0
35.1,18.6,60.8,0,21.38,0.39,1,0
53.3,21.2,27.8,0,25.43,0.503,1,1
45.1,8.7,47.4,0,23.82,0.522,1,0
58.4,37.8,25.1,1,30.83,0.361,1,1
42.2,26.2,34.2,0,19.38,0.448,0,0
25.3,19.4,62.6,0,22.41,0.802,1,0
23.6,13.4,49.3,0,33.3,0.417,1,1
59.8,6.4,45.2,1,9.92,0.026,0,0
60.7,36.2,38.8,1,27.07,0.283,0,1
37.8,15.9,46.7,0,19.6,0.232,0,0
35.4,7.7,54.5,1,16.01,0.794,0,0
57.5,13.2,64.7,0,24.78,0.449,1,0
26.7,27.8,10.6,0,33.85,0.28,0,1
29.3,24.6,37.5,3,31.69,0.811,0,1
47.7,10.2,52.4,0,21.01,0.019,0,0
35.3,39.8,48.5,0,29.93,0.174,0,1
39.9,7.6,56.1,0,29.85,0.827,1,1
38.0,44.4,54.0,1,21.36,0.551,0,0
44.1,24.0,45.4,0,17.28,0.774,0,0
56.9,16.7,42.1,1,17.64,0.838,0,0
41.1,18.2,46.3,0,29.53,0.942,1,1
47.7,22.4,67.2,0,21.7,0.063,1,0
18.0,29.1,39.0,2,15.27,0.799,0,0
39.4,5.5,49.1,4,12.21,0.709,0,0
29.9,12.9,52.8,1,29.47,0.207,0,1
25.4,21.9,73.4,1,18.19,0.932,0,0
29.5,40.7,45.5,2,24.73,0.404,1,1
36.0,39.8,64.4,1,33.99,0.888,0,1
51.0,49.6,68.5,0,13.93,0.605,0,0
24.1,38.7,49.0,0,21.68,0.527,0,0
40.4,12.2,46.8,1,20.75,0.16,0,0
34.2,21.1,45.1,0,25.16,0.914,0,1
36.1,38.9,46.2,1,33.99,0.557,0,1
52.0,36.8,62.8,0,13.83,0.006,0,0
46.5,18.8,53.5,2,26.89,0.018,0,1
56.0,28.6,53.5,2,31.6,0.778,0,1
38.1,15.9,33.1,0,20.64,0.162,1,0
31.6,7.2,35.5,0,20.99,0.599,0,0
37.3,19.8,82.2,1,25.5,0.681,0,1
42.9,19.1,47.3,1,24.85,0.279,0,0
42.1,15.4,38.4,0,27.01,0.569,1,1
27.0,29.1,71.5,2,26.81,0.24,1,1
41.1,18.4,54.2,0,15.62,0.946,1,0
42.7,26.8,58.7,0,31.15,0.86,1,1
70.2,32.7,47.9,0,33.14,0.288,1,1
62.5,70.2,45.2,0,23.51,0.529,0,0
29.8,20.0,47.5,0,13.06,0.501,1,0
36.6,41.0,29.3,1,21.16,0.96,1,0
22.4,24.4,48.7,0,23.58,0.394,0,1
32.9,25.2,54.4,0,14.76,0.562,0,0
43.8,20.2,77.8,1,19.42,0.929,0,0
54.5,23.1,51.3,0,13.45,0.163,0,0
31.3,18.5,15.0,0,27.24,0.55,1,1
32.2,37.0,48.6,2,23.34,0.106,0,0
18.0,13.2,91.1,0,12.38,0.617,1,0
38.0,7.1,63.0,0,24.91,0.366,1,0
27.3,15.1,37.8,2,21.6,0.968,0,0
33.6,14.0,58.9,0,26.39,0.415,0,1
29.5,15.0,38.9,2,19.21,0.136,1,0
38.9,19.5,29.7,0,16.64,0.834,1,0
18.9,15.1,44.8,0,16.82,0.821,0,0
22.4,19.4,51.4,2,18.24,0.695,0,0
65.6,15.1,21.9,1,22.17,0.749,1,0
24.6,27.2,32.8,0,23.2,0.265,1,0
26.8,69.8,50.2,0,20.6,0.642,0,0
62.0,24.1,43.9,2,18.99,0.038,0,0
74.9,15.5,55.9,0,19.48,0.197,1,0
25.9,3.1,31.8,2,52.98,0.932,0,1
35.6,57.1,60.7,0,16.82,0.739,0,0
44.1,24.9,32.2,3,18.12,0.231,0,0
60.7,19.3,74.6,3,69.76,0.111,0,1
28.2,3.3,24.3,0,25.52,0.949,0,0
37.1,19.9,33.6,2,13.59,0.112,1,0
49.3,23.0,56.3,0,29.58,0.257,1,1
45.2,15.1,75.0,3,16.02,0.183,0,0
35.5,8.2,54.7,2,30.28,0.007,0,1
38.4,7.8,58.4,0,20.46,0.314,0,0
23.5,57.6,50.3,1,18.88,0.974,1,0
37.1,22.6,34.6,1,38.69,0.342,1,1
36.8,15.1,42.6,1,26.86,0.504,1,1
42.8,21.8,31.8,1,30.96,0.746,1,1
33.3,20.9,30.8,1,25.65,0.551,1,0
45.7,7.5,56.0,2,18.85,0.744,1,0
52.2,35.7,33.2,0,27.28,0.662,0,1
41.9,19.0,54.8,1,33.63,0.609,1,1
44.2,22.8,30.5,0,23.09,0.65,1,0
40.6,47.0,54.4,1,41.38,0.799,0,1
40.0,8.4,42.7,1,29.66,0.71,0,1
31.3,12.7,71.1,2,23.72,0.792,1,0
43.8,25.7,54.9,0,24.05,0.146,0,0
38.8,35.3,68.5,0,23.11,0.678,1,0
65.1,14.2,38.7,0,14.22,0.737,0,0
58.9,14.8,50.8,1,21.34,0.3,0,0
44.6,30.6,35.3,1,23.8,0.875,0,0
30.8,66.8,43.8,0,19.04,0.305,1,0
26.7,22.3,46.1,0,24.79,0.244,0,0
54.3,12.7,39.1,1,22.19,0.867,1,0
43.2,10.3,31.8,0,28.88,0.247,0,1
45.8,19.5,28.8,0,27.78,0.416,0,1
19.1,34.3,14.9,0,23.35,0.368,0,0
51.1,83.1,34.2,1,13.65,0.898,0,0
45.5,17.5,59.4,1,41.22,0.455,1,1
26.7,22.3,26.0,0,20.96,0.694,1,0
34.3,52.3,29.5,1,21.41,0.794,0,0
43.2,25.5,76.9,0,19.54,0.628,0,0
40.6,24.2,40.5,1,18.57,0.944,1,0
36.5,46.7,54.8,0,37.81,0.803,1,1
38.8,22.6,59.6,0,35.78,0.4,0,1
37.0,10.9,59.9,1,25.73,0.951,1,1
41.8,41.4,27.2,0,21.21,0.525,0,0
57.7,6.6,46.5,4,27.36,0.023,0,1
18.0,37.5,25.7,1,22.6,0.26,1,0
37.2,21.2,86.7,0,20.61,0.622,1,0
42.1,17.6,26.1,1,24.79,0.157,1,1
43.6,17.4,34.3,1,18.88,0.584,0,0
35.5,19.5,34.4,1,24.06,0.362,0,0
18.9,16.1,27.6,1,23.66,0.534,1,0
43.9,27.7,70.3,0,27.2,0.002,0,1
60.7,16.4,86.3,4,17.74,0.848,0,0
21.6,4.8,42.9,1,28.24,0.362,1,1
50.4,21.3,30.2,1,16.04,0.14,0,0
36.1,4.5,16.4,0,18.03,0.438,0,0
39.3,21.2,46.3,1,18.3,0.486,0,0
27.4,15.8,45.3,0,15.14,0.637,1,0
36.0,36.0,40.2,2,31.43,0.525,0,1
55.6,18.1,53.3,1,15.69,0.044,0,0
47.0,33.0,55.9,0,17.25,0.872,0,0
60.8,30.9,54.8,1,34.18,0.457,0,1
54.1,31.4,45.3,0,18.04,0.077,0,0
45.3,18.5,33.5,1,20.62,0.773,1,0
60.9,22.1,60.0,2,15.46,0.66,0,0
45.3,27.2,50.2,1,29.48,0.649,0,1
49.9,22.5,63.3,1,29.62,0.427,0,1
36.4,18.1,61.9,1,28.53,0.41,0,1
40.8,11.6,28.7,1,26.59,0.536,0,1
31.6,21.5,28.5,0,22.6,0.051,1,0
51.9,7.1,38.7,1,18.33,0.299,1,0
25.9,4.3,34.2,1,16.56,0.988,1,0
49.4,9.8,61.3,0,34.6,0.662,0,1
37.7,31.2,55.3,0,28.79,0.419,1,1
54.1,24.5,66.5,0,17.28,0.222,1,0
49.0,31.4,55.9,3,22.34,0.745,0,0
61.8,13.5,53.1,0,19.83,0.26,0,0
48.8,38.1,68.0,1,14.84,0.162,1,0
21.1,7.8,57.0,1,23.44,0.155,0,0
39.2,10.1,51.0,0,19.05,0.729,0,0
25.9,37.7,72.2,1,15.78,0.643,1,0
33.8,23.5,51.7,1,13.13,0.07,0,0
58.1,31.5,45.4,0,12.74,0.115,1,0
47.7,24.6,37.4,0,19.34,0.634,0,0
31.6,14.8,60.5,0,21.38,0.571,0,0
27.8,9.2,68.6,1,16.21,0.686,0,0
40.4,5.3,49.2,2,27.66,0.178,0,1
25.4,54.8,69.6,0,21.53,0.727,1,0
31.9,6.4,20.4,0,26.95,0.936,1,1
43.7,45.8,49.2,2,20.66,0.601,1,0
53.9,22.7,49.4,1,16.72,0.196,0,0
47.3,25.0,39.1,0,22.92,0.68,0,0
18.0,24.0,85.8,0,14.16,0.343,0,0
43.7,29.2,49.0,1,26.6,0.049,0,1
40.9,12.7,43.9,0,15.87,0.302,1,0
45.0,3.7,50.4,0,30.38,0.906,0,1
59.4,14.6,20.0,1,19.57,0.411,0,0
18.0,27.8,38.6,0,31.95,0.865,0,1
32.9,10.1,64.7,0,14.87,0.509,1,0
47.1,38.6,40.6,1,17.37,0.517,0,0
21.0,19.7,37.6,1,25.17,0.005,1,0
57.7,9.5,69.6,0,33.18,0.637,1,1
44.4,23.3,70.1,2,39.47,0.108,1,1
50.2,27.5,57.8,1,22.35,0.479,0,0
33.1,28.7,43.2,0,41.91,0.26,0,1
49.8,1.2,46.4,2,19.9,0.392,0,0
52.8,37.7,37.9,1,32.36,0.537,1,1
42.8,7.3,35.1,0,15.84,0.014,1,0
42.8,37.8,34.3,2,25.52,0.285,0,1
43.2,39.7,40.7,1,9.71,0.99,0,0
29.6,9.2,34.5,0,14.88,0.057,0,0
38.2,10.6,26.5,2,25.93,0.319,1,0
38.2,32.4,53.3,1,13.91,0.321,0,0
44.6,16.5,53.5,0,25.58,0.379,0,1
52.0,43.1,75.5,0,30.25,0.685,1,1
27.3,49.9,40.0,0,18.48,0.248,0,0
38.5,9.5,54.4,2,15.69,0.46,0,0
57.8,12.5,54.7,0,18.66,0.645,0,0
31.1,22.6,46.2,1,15.71,0.322,0,0
30.1,3.6,61.2,1,21.26,0.949,1,0
42.4,5.4,61.6,0,22.83,0.98,0,0
50.1,11.5,54.9,0,19.79,0.12,0,0
40.1,59.6,46.2,1,39.58,0.344,0,1
55.9,24.7,44.6,1,17.12,0.208,0,0
50.3,13.9,29.5,0,35.85,0.187,1,1
50.1,10.6,37.9,1,15.3,0.491,1,0
46.6,9.2,40.7,0,22.59,0.564,0,0
67.9,14.6,33.1,1,33.33,0.426,0,1
37.5,14.0,56.6,0,32.73,0.273,0,1
18.0,18.4,67.9,0,19.01,0.279,0,0
59.3,28.3,36.4,3,26.75,0.992,0,1
34.5,20.2,54.3,1,25.52,0.924,1,1
41.3,33.5,34.5,0,18.23,0.076,0,0
55.7,17.6,45.4,3,27.33,0.657,0,1
20.8,52.1,39.6,0,42.27,0.457,0,1
25.0,33.1,59.0,1,25.98,0.689,1,1
20.8,24.3,39.8,0,26.86,0.597,0,1
30.5,28.4,65.2,2,27.87,0.889,1,1
45.3,14.8,46.3,1,13.21,0.067,0,0
46.3,18.2,40.3,1,25.88,0.35,1,1
43.3,17.8,31.2,1,15.43,0.985,1,0
23.0,12.8,53.8,1,17.92,0.182,0,0
18.0,8.0,63.4,2,46.94,0.127,0,1
40.7,29.3,54.1,1,20.16,0.729,0,0
34.3,36.6,83.6,1,17.0,0.777,1,0
45.5,26.9,71.4,1,32.97,0.672,1,1
48.4,20.2,45.4,1,15.81,0.776,0,0
41.7,65.3,45.2,1,18.83,0.694,0,0
49.1,13.8,57.0,0,34.1,0.136,0,1
42.8,24.8,37.4,0,22.36,0.608,0,0
46.4,39.6,67.5,2,12.75,0.777,1,0
31.5,9.9,55.4,0,26.65,0.866,0,1
37.8,30.6,53.8,0,19.17,0.246,0,0
42.4,54.0,60.3,1,37.76,0.127,1,1
49.8,21.2,75.8,0,17.82,0.781,1,0
35.3,23.5,52.6,1,31.82,0.257,1,1
46.3,13.8,48.3,1,41.01,0.032,0,1
36.8,28.2,72.6,0,16.35,0.825,1,0
38.6,12.6,64.5,0,20.59,0.506,0,0
50.0,20.4,45.2,0,25.24,0.327,0,0
18.0,7.3,50.1,0,16.32,0.011,0,0
24.4,2.2,52.9,0,24.21,0.035,1,0
22.2,15.7,55.4,0,20.36,0.793,0,0
18.0,15.5,29.7,1,20.22,0.49,1,0
31.9,16.6,26.9,1,22.41,0.15,1,0
49.0,32.5,36.7,1,22.58,0.359,1,0
36.6,37.2,35.5,2,23.33,0.165,1,0
42.4,25.4,40.3,1,17.86,0.113,1,0
53.1,31.2,59.5,1,18.14,0.276,0,0
55.9,12.8,47.5,0,21.13,0.55,0,0
39.2,10.8,52.9,0,21.68,0.21,1,0
56.2,28.5,31.6,1,18.89,0.344,0,0
41.1,9.8,43.1,1,24.67,0.478,0,0
30.0,9.0,58.8,0,11.67,0.42,1,0
32.9,84.7,58.9,0,17.06,0.129,0,0
22.2,22.0,39.1,2,19.97,0.039,1,0
29.3,15.5,52.4,1,16.32,0.035,0,0
35.7,14.4,83.0,0,38.96,0.35,1,1
49.6,7.5,49.7,1,22.17,0.719,0,0
60.6,25.1,39.6,0,23.43,0.131,1,0
23.4,17.5,47.4,1,18.6,0.787,1,0
44.7,36.6,51.4,3,21.91,0.716,0,0
27.5,29.0,47.7,1,14.4,0.004,0,0
45.7,17.2,49.5,1,20.76,0.027,0,0
38.4,4.5,28.3,1,15.87,0.195,0,0
18.0,22.1,35.6,1,19.99,0.056,0,0
51.1,20.9,47.8,0,8.99,0.531,0,0
32.7,3.7,47.5,1,14.84,0.04,1,0
33.6,27.1,41.5,0,36.77,0.803,0,1
27.2,9.5,47.3,1,29.46,0.493,0,1
32.1,37.7,50.9,0,34.95,0.728,0,1
45.1,20.1,63.3,0,35.8,0.751,0,1
37.7,14.1,48.5,0,27.88,0.507,0,1
43.9,24.0,56.0,2,18.8,0.925,1,0
44.3,23.1,41.9,0,15.32,0.99,1,0
55.8,22.6,58.6,2,32.9,0.359,0,1
35.9,34.9,55.6,0,22.53,0.126,1,0
22.3,24.9,63.0,0,52.73,0.363,0,1
52.8,13.3,60.7,2,19.38,0.223,0,0
36.0,17.9,58.8,1,43.94,0.531,1,1
53.4,45.4,48.5,0,20.85,0.378,0,0
44.6,12.5,53.7,1,35.16,0.48,0,1
38.4,26.9,66.0,0,39.89,0.763,1,1
44.2,35.6,40.2,2,15.4,0.274,0,0
63.4,28.4,40.6,2,18.59,0.537,0,0
64.9,22.2,52.7,2,15.34,0.335,0,0
40.8,24.3,56.2,0,14.32,0.785,1,0
41.9,29.4,37.6,2,27.82,0.64,1,1
52.9,12.4,48.9,0,20.56,0.009,1,0
29.9,21.0,48.6,1,22.43,0.66,0,0
44.0,65.1,16.8,0,26.76,0.17,1,1
39.7,27.3,46.7,3,11.5,0.724,0,0
43.8,22.6,47.6,0,34.56,0.567,0,1
30.0,16.8,47.6,1,19.49,0.401,0,0
20.9,12.5,71.2,0,26.54,0.694,1,1
18.0,24.8,31.8,3,27.37,0.857,0,1
26.6,25.8,37.6,2,35.59,0.779,1,1
34.5,20.1,10.8,1,21.23,0.545,0,0
36.5,79.7,42.8,2,10.47,0.723,0,0
63.2,13.2,44.1,2,22.47,0.414,1,0
53.3,11.2,42.4,0,23.63,0.789,1,0
28.5,16.9,66.6,3,15.34,0.829,0,0
44.2,20.5,62.9,0,23.19,0.137,1,0
35.1,12.1,51.2,2,19.41,0.238,0,0
36.6,24.4,44.4,1,13.77,0.27,1,0
42.2,26.0,65.4,1,27.86,0.166,0,1
47.4,31.5,49.7,0,18.08,0.393,0,0
35.9,15.2,37.7,0,19.11,0.193,0,0
52.8,43.2,24.3,3,18.73,0.596,0,0
26.3,30.3,43.4,0,33.94,0.102,0,1
40.1,13.1,61.3,0,21.71,0.27,0,0
71.2,12.0,84.1,1,22.64,0.666,1,0
42.7,17.7,50.9,3,18.88,0.399,0,0
57.2,26.0,38.5,1,25.9,0.421,0,1
41.1,28.3,32.2,0,35.32,0.798,0,1
47.0,30.2,58.3,1,27.63,0.985,1,1
39.3,62.8,23.5,1,28.01,0.565,0,1
38.0,5.7,58.3,3,27.23,0.079,0,1
30.6,19.8,62.3,0,13.59,0.103,1,0
45.2,59.9,56.5,3,16.21,0.969,0,0
29.8,32.3,46.7,1,20.5,0.679,1,0
48.0,10.8,58.5,1,17.08,0.752,0,0
53.0,23.7,52.6,0,15.18,0.676,1,0
44.4,19.1,38.3,2,11.44,0.18,0,0
36.6,18.6,77.8,2,13.75,0.448,1,0
45.4,15.0,44.7,0,20.14,0.798,1,0
36.3,22.5,61.6,2,21.5,0.866,0,0
51.2,38.8,13.7,1,16.69,0.237,0,0
18.0,15.9,69.1,2,22.64,0.596,0,0
36.0,30.3,72.0,1,18.92,0.157,0,0
18.0,33.4,50.4,0,32.26,0.958,1,1
22.1,43.0,58.4,2,20.82,0.252,0,0
56.4,11.9,58.4,1,28.11,0.727,1,1
50.7,21.5,40.4,0,23.65,0.231,1,1
31.4,13.9,58.2,0,13.48,0.616,1,0
22.0,22.6,37.9,0,21.34,0.659,1,0
18.0,22.5,40.9,2,14.29,0.328,0,0
33.5,10.0,66.9,0,21.21,0.819,0,0
69.0,23.4,64.6,0,16.97,0.885,0,0
45.2,64.5,39.4,0,25.18,0.855,0,1
33.3,28.3,39.0,1,13.77,0.331,0,0
45.6,8.6,40.3,1,22.14,0.744,0,0
21.3,11.4,61.0,1,26.91,0.559,0,1
36.4,20.8,35.0,0,30.26,0.593,0,1
41.2,11.6,55.4,1,16.86,0.477,0,0
39.0,41.8,61.2,0,22.16,0.6,0,0
49.5,7.8,48.7,1,23.49,0.136,0,0
44.1,28.4,65.2,1,37.85,0.409,0,1
48.0,6.6,45.4,0,13.12,0.178,1,0
31.7,20.6,46.8,0,16.01,0.28,1,0
50.8,10.5,35.3,0,58.78,0.128,0,1
59.5,31.4,65.3,1,20.02,0.212,0,0
28.4,37.9,38.5,2,11.36,0.782,0,0
29.3,26.0,55.2,0,17.96,0.55,0,0
56.0,38.9,48.9,3,8.36,0.024,0,0
37.7,2.9,34.2,0,23.96,0.789,1,0
56.8,23.2,40.9,0,29.24,0.909,0,1
34.7,28.2,70.7,2,16.01,0.88,0,0
57.5,30.3,53.0,1,18.68,0.823,1,0
41.6,5.2,34.9,1,30.43,0.992,0,1
43.1,27.2,54.6,2,11.94,0.586,0,0
58.8,30.7,47.8,0,13.87,0.963,0,0
35.7,23.0,100.0,2,20.34,0.949,1,0
28.7,8.6,54.3,0,16.93,0.313,0,0
34.6,15.0,44.3,1,19.87,0.863,1,0
45.4,41.9,71.3,0,14.15,0.792,1,0
21.2,39.3,22.4,0,23.74,0.776,0,0
47.6,27.9,51.4,0,20.91,0.896,1,0
33.5,31.8,79.9,1,26.69,0.384,0,1
53.8,36.7,48.3,0,23.63,0.4,0,0
18.0,27.7,24.0,1,23.68,0.64,0,0
30.6,41.2,44.1,0,13.28,0.738,1,0
19.8,40.5,71.8,0,26.17,0.88,0,1
30.1,75.7,55.6,2,19.62,0.876,0,0
43.0,15.4,37.4,0,20.78,0.721,1,0
37.8,15.5,39.7,0,31.79,0.957,0,1
37.0,1.8,41.6,0,17.12,0.179,1,0
38.1,26.5,55.4,1,35.35,0.95,1,1
42.4,57.9,70.1,2,36.52,0.064,0,1
27.9,43.0,65.8,1,28.67,0.556,1,1
48.5,34.1,56.8,1,15.63,0.09,1,0
48.0,44.7,30.0,1,10.25,0.568,0,0
44.6,28.5,30.1,0,32.13,0.39,1,1
46.7,17.8,58.0,1,22.9,0.082,1,0
43.6,65.9,29.8,0,16.97,0.648,1,0
64.4,27.3,46.6,1,33.21,0.731,1,1
39.0,40.0,54.6,2,16.29,0.174,0,0
36.3,2.9,32.9,0,18.99,0.694,0,0
31.0,3.5,34.6,0,26.47,0.179,0,1
27.6,23.6,48.6,1,14.92,0.137,0,0
25.1,11.6,57.6,1,21.2,0.147,1,0
29.3,24.9,65.9,0,32.25,0.599,1,1
39.2,15.5,59.1,2,23.72,0.779,0,0
44.0,81.8,51.1,1,34.08,0.597,0,1
40.6,38.2,38.8,1,32.75,0.809,1,1
30.8,47.1,33.9,1,22.09,0.591,0,0
50.8,4.2,42.3,1,9.72,0.797,1,0
48.9,33.8,56.1,3,14.96,0.977,1,0
38.1,19.1,55.0,1,28.77,0.391,0,1
32.2,47.6,18.5,0,12.8,0.15,0,0
46.6,31.0,38.2,0,19.65,0.135,1,0
42.3,20.9,68.1,0,24.8,0.597,0,0
22.6,9.3,51.2,1,36.84,0.547,1,1
39.2,23.4,28.7,0,18.01,0.184,0,0
43.1,41.4,85.3,2,17.58,0.882,0,0
29.2,49.1,49.6,1,21.63,0.957,0,0
42.3,17.1,55.8,1,24.9,0.253,1,0
22.5,74.4,56.0,0,20.87,0.207,1,0
56.0,39.6,44.5,0,31.8,0.214,1,1
55.0,11.8,39.1,1,16.65,0.387,0,0
37.0,9.9,81.8,1,22.97,0.853,1,0
44.4,19.9,65.0,1,25.74,0.596,0,1
18.0,17.0,62.3,0,19.15,0.068,0,0
26.1,28.6,58.6,0,29.55,0.473,1,1
36.5,21.9,35.0,1,23.21,0.09,0,0
27.1,18.0,69.2,0,29.03,0.406,1,1
48.6,6.9,37.4,1,23.57,0.404,0,0
64.0,31.6,54.2,0,25.13,0.648,0,1
25.9,6.5,25.4,0,17.65,0.549,0,0
30.0,39.6,19.4,1,17.66,0.875,1,0
42.8,4.6,54.8,1,33.81,0.016,0,1
59.3,6.2,37.9,1,27.51,0.774,1,1
25.3,11.7,20.2,2,15.4,0.023,0,0
43.0,16.1,58.1,0,23.47,0.304,1,1
61.9,14.0,81.8,3,9.6,0.88,0,0
20.2,16.0,70.8,1,18.02,0.69,0,0
24.6,25.2,46.1,0,30.83,0.172,1,1
34.9,11.9,50.1,1,21.08,0.491,1,0
33.8,25.4,63.3,1,22.95,0.722,0,0
49.8,2.9,66.8,0,7.66,0.937,0,0
42.9,11.6,44.8,1,19.2,0.634,0,0
18.7,5.9,50.5,0,24.79,0.025,1,0
46.2,39.4,54.5,0,25.92,0.5,1,1
33.1,13.0,58.3,2,30.85,0.153,1,1
55.3,30.4,48.0,3,20.46,0.048,1,0
32.5,5.1,48.2,0,20.79,0.599,1,0
32.4,48.7,70.7,2,13.82,0.777,0,0
46.5,22.7,68.1,1,20.5,0.036,0,0
49.2,62.4,57.2,0,14.16,0.784,1,0
45.4,21.1,75.8,1,11.54,0.706,0,0
19.8,7.0,44.2,0,15.07,0.752,0,0
46.5,10.6,74.3,1,37.35,0.245,1,1
27.6,18.3,58.1,3,20.04,0.394,1,0
42.8,10.9,99.1,1,23.79,0.12,1,0
22.9,37.2,32.1,1,18.4,0.239,0,0
45.4,22.3,39.7,0,11.77,0.303,1,0
30.3,11.0,56.3,0,30.57,0.319,0,1
24.6,33.9,56.0,5,10.3,0.175,0,0
48.6,16.8,79.3,3,18.14,0.189,1,0
42.9,33.0,40.0,0,21.61,0.901,1,0
32.6,15.1,63.6,1,23.88,0.784,1,0
57.4,29.2,67.4,0,17.08,0.344,1,0
34.7,16.4,60.6,1,11.58,0.948,1,0
40.4,37.2,35.6,0,16.64,0.239,0,0
43.2,5.2,71.1,3,16.95,0.407,0,0
32.6,8.7,68.4,0,16.8,0.814,1,0
45.7,19.4,59.0,0,30.93,0.443,1,1
33.6,13.4,53.1,1,14.4,0.235,0,0
35.1,16.1,53.4,2,24.47,0.369,0,0
56.4,31.2,48.8,0,23.28,0.501,0,0
27.5,15.9,59.6,0,30.83,0.621,0,1
18.0,25.9,50.5,0,21.02,0.406,1,0
59.3,11.5,37.3,0,29.05,0.431,0,1
70.6,4.3,34.3,1,20.74,0.264,0,0
35.1,32.9,38.7,2,25.64,0.535,1,1
18.0,55.0,53.3,0,13.02,0.219,0,0
36.3,24.3,49.6,0,8.75,0.868,0,0
36.6,20.0,53.2,0,25.14,0.747,0,1
37.7,22.8,57.5,2,25.61,0.41,0,1
26.6,44.9,40.6,1,26.01,0.747,0,0
47.0,24.5,72.0,0,18.33,0.007,0,0
46.3,33.9,46.0,0,37.1,0.344,0,1
22.1,33.0,43.5,0,18.75,0.44,0,0
48.4,39.0,57.2,1,25.52,0.47,0,1
64.6,19.8,22.5,0,27.12,0.749,0,1
42.1,14.9,38.1,0,40.2,0.963,1,1
36.0,29.4,64.7,0,19.71,0.38,0,0
38.3,37.4,23.9,1,17.52,0.351,0,0
47.4,41.5,66.8,0,13.04,0.611,1,0
19.2,48.0,72.7,0,37.92,0.281,0,1
42.0,35.5,44.5,1,25.53,0.141,0,0
35.3,14.4,54.4,1,25.81,0.962,1,1
62.2,24.3,66.8,0,65.57,0.81,0,1
37.9,23.0,43.0,1,24.68,0.958,0,0
60.0,21.5,63.0,0,13.96,0.218,1,0
26.8,29.4,39.9,1,20.57,0.018,1,0
47.0,18.6,42.8,0,15.66,0.437,0,0
43.8,18.7,38.0,1,19.18,0.934,0,0
29.6,56.9,55.1,0,19.13,0.138,0,0
42.1,20.4,67.4,0,17.94,0.117,1,0
54.6,38.8,47.2,1,13.53,0.069,0,0
36.1,40.1,30.9,0,38.46,0.765,0,1
19.7,24.7,33.8,1,24.46,0.786,0,1
39.8,19.1,55.9,1,20.36,0.695,1,0
29.2,11.9,77.7,0,28.71,0.053,0,1
35.9,6.4,55.9,1,25.97,0.723,0,1
39.0,30.7,44.2,0,24.26,0.449,0,0
19.5,27.1,61.5,1,27.99,0.158,1,1
20.6,33.4,46.4,2,23.08,0.295,0,0
45.8,15.6,44.3,2,27.85,0.501,1,1
33.7,60.1,35.6,0,28.67,0.33,0,1
18.0,28.6,71.1,1,23.32,0.97,0,0
49.4,20.0,11.9,0,20.39,0.475,0,0
43.3,4.0,62.0,0,37.63,0.372,0,1
31.4,16.7,43.0,1,18.63,0.673,0,0
24.2,34.3,43.8,1,25.26,0.651,1,1
50.0,47.3,75.4,0,25.46,0.002,0,1
44.2,21.9,39.3,1,17.79,0.618,1,0
68.6,51.7,39.8,0,16.6,0.244,0,0
45.0,11.2,48.0,0,19.46,0.375,0,0
44.7,27.6,56.2,1,18.54,0.706,0,0
38.0,28.1,43.4,0,13.22,0.557,0,0
49.8,30.8,26.4,0,17.54,0.369,0,0
47.5,23.8,37.0,0,24.18,0.167,1,0
55.0,26.7,69.2,0,34.31,0.505,1,1
33.7,11.1,51.1,1,26.74,0.319,1,1
34.8,44.8,56.8,0,8.87,0.913,1,0
34.3,36.6,46.1,2,27.57,0.534,0,1
49.5,26.1,40.1,0,18.12,0.866,0,0
58.0,37.1,75.2,0,25.81,0.39,0,1
34.5,45.6,47.2,1,21.92,0.827,1,0
34.9,30.6,43.3,0,20.59,0.057,0,0
43.8,63.8,66.4,0,21.25,0.298,0,0
37.1,32.1,39.2,0,21.85,0.078,1,0
51.4,12.3,41.1,0,35.26,0.032,0,1
18.0,25.3,50.2,0,21.88,0.919,1,0
30.1,38.0,50.0,1,32.21,0.717,0,1
30.6,45.6,53.9,2,30.61,0.625,1,1
18.0,24.1,81.4,3,27.82,0.532,1,1
28.4,11.6,55.0,0,11.79,0.57,1,0
29.0,18.9,14.3,0,32.56,0.639,0,1
37.6,8.2,54.9,0,18.76,0.827,0,0
53.4,34.0,50.6,0,28.3,0.597,0,1
37.1,16.6,50.7,1,15.67,0.749,0,0
27.6,13.6,53.7,0,14.55,0.281,0,0
39.3,35.9,49.6,2,43.99,0.977,0,1
52.6,51.1,49.2,0,15.76,0.032,0,0
28.3,13.6,59.2,2,32.9,0.387,0,1
29.1,24.2,41.9,1,22.96,0.882,1,0
46.7,19.4,35.8,0,19.01,0.181,0,0
37.3,46.8,95.4,2,21.68,0.141,0,0
47.8,20.8,39.3,0,13.97,0.365,0,0
39.8,10.9,51.5,0,21.92,0.428,0,0
48.4,21.4,27.6,0,15.08,0.933,1,0
27.6,41.3,51.7,2,19.18,0.836,0,0
39.9,18.7,36.0,0,30.45,0.464,1,1
37.5,14.6,43.4,0,24.08,0.973,1,0
25.4,20.2,65.7,0,13.11,0.642,1,0
21.2,11.1,57.1,1,29.67,0.874,1,1
48.2,19.4,58.5,1,21.97,0.246,1,0
35.8,15.3,23.4,2,18.22,0.489,0,0
27.7,70.3,77.6,1,28.6,0.03,0,1
38.8,4.9,32.1,1,20.77,0.009,1,0
53.5,12.3,72.9,0,14.65,0.705,0,0
18.0,14.6,65.3,1,42.05,0.118,0,1
22.0,11.2,58.7,0,21.89,0.548,0,0
28.9,27.8,37.2,1,21.41,0.696,0,0
57.5,13.4,52.3,2,19.11,0.032,0,0
43.4,7.6,42.9,1,33.29,0.449,0,1
49.2,22.9,50.4,0,18.33,0.684,0,0
26.3,18.0,46.3,0,12.83,0.89,0,0
26.6,13.9,19.4,1,17.37,0.299,0,0
45.4,46.1,66.8,0,35.04,0.974,1,1
40.7,28.3,48.8,0,29.47,0.845,0,1
46.6,26.5,42.7,1,20.15,0.651,1,0
37.7,28.7,41.6,1,35.62,0.392,0,1
43.3,27.8,55.4,1,28.62,0.711,0,1
41.9,18.6,36.6,0,20.06,0.816,1,0
49.3,13.5,16.2,1,20.78,0.303,1,0
49.7,23.2,56.1,0,24.72,0.993,1,0
20.6,18.4,57.8,0,16.46,0.909,1,0
18.0,4.8,47.0,0,22.06,0.486,1,0
52.0,10.5,32.8,0,24.54,0.723,1,1
54.3,16.9,51.3,1,12.2,0.524,1,0
27.8,36.4,28.0,1,20.61,0.761,1,0
18.0,23.3,34.6,1,19.81,0.827,0,0
41.2,11.9,38.7,1,31.57,0.023,0,1
51.2,9.9,62.7,1,11.55,0.079,0,0
61.6,40.9,44.6,1,19.27,0.336,0,0
46.2,19.1,43.3,0,18.61,0.918,1,0
35.5,1.5,79.3,0,30.82,0.398,0,1
29.3,19.9,55.3,0,21.69,0.888,0,0
40.1,32.0,55.1,2,41.3,0.462,1,1
36.4,9.6,44.5,1,27.77,0.289,0,1
27.8,22.2,41.1,0,19.08,0.901,1,0
64.6,23.5,17.2,1,23.95,0.561,0,0
61.4,10.1,64.5,0,19.46,0.36,0,0
53.6,43.0,56.7,3,29.76,0.044,0,1
28.9,23.8,47.3,1,13.82,0.111,0,0
50.3,16.8,47.9,0,16.51,0.139,0,0
47.7,19.2,61.0,0,25.84,0.365,0,1
45.3,8.7,26.7,3,33.83,0.607,0,1
55.0,8.4,41.2,1,10.19,0.308,0,0
47.6,15.8,33.0,1,35.63,0.066,1,1
48.9,16.5,76.6,0,20.97,0.265,0,0
47.6,18.4,63.1,1,11.39,0.409,0,0
44.1,45.2,17.0,1,7.7,0.992,0,0
18.6,31.0,27.3,1,12.9,0.393,1,0
41.0,5.5,48.0,0,21.88,0.089,1,0
33.3,40.4,42.9,1,21.52,0.581,1,0
24.6,15.8,30.1,1,27.49,0.92,1,1
60.2,32.7,79.2,0,18.17,0.787,0,0
60.7,16.6,54.7,1,14.95,0.836,1,0
56.3,22.9,57.1,2,19.06,0.928,0,0
43.1,9.2,39.6,1,22.29,0.637,1,0
56.2,26.0,60.8,0,23.88,0.995,0,0
40.1,34.9,44.3,0,16.71,0.033,0,0
42.4,6.4,45.7,2,30.2,0.835,1,1
26.9,35.2,59.2,1,17.72,0.857,1,0
44.8,13.5,25.6,5,16.25,0.917,1,0
40.7,53.4,74.0,2,18.22,0.478,0,0
24.4,33.1,52.7,0,32.09,0.788,0,1
39.4,29.8,69.2,1,21.03,0.195,0,0
39.0,19.3,33.9,1,17.27,0.603,0,0
61.6,77.6,36.2,0,30.46,0.359,0,1
50.7,15.8,32.6,1,46.63,0.596,0,1
40.1,10.7,53.8,2,23.7,0.676,1,0
43.0,13.8,51.0,1,33.92,0.347,0,1
40.5,38.5,43.0,2,31.65,0.216,1,1
37.6,22.6,34.8,1,17.82,0.322,1,0
27.0,20.6,31.0,1,22.23,0.664,1,0
38.2,16.0,49.3,1,14.06,0.677,0,0
31.0,19.9,43.0,0,20.5,0.741,0,0
25.0,15.3,39.7,0,17.69,0.127,0,0
46.1,31.4,73.2,1,19.13,0.819,1,0
44.7,18.1,48.8,1,16.94,0.688,0,0
18.6,14.0,69.1,2,19.92,0.031,0,0
38.5,36.7,42.0,0,26.54,0.336,1,1
51.9,10.9,53.7,0,21.12,0.467,1,0
52.7,22.8,49.2,2,11.47,0.361,1,0
52.3,4.8,24.5,1,16.96,0.117,0,0
40.5,7.9,71.4,0,12.94,0.207,1,0
29.9,16.9,48.0,0,23.99,0.025,0,0
27.0,15.1,61.2,0,26.27,0.093,0,1
44.1,15.1,38.7,4,24.1,0.266,1,0
44.6,33.2,47.5,0,16.72,0.82,1,0
55.4,34.4,37.0,2,24.01,0.527,0,0
53.2,25.5,68.5,1,18.68,0.424,0,0
38.4,10.5,54.7,3,14.79,0.662,0,0
25.1,19.9,55.5,0,28.56,0.542,1,1
36.2,57.6,70.4,1,29.33,0.132,1,1
42.6,73.3,67.3,2,30.7,0.223,0,1
37.6,36.9,61.5,0,17.8,0.223,0,0
33.1,10.8,28.7,1,33.28,0.6,1,1
43.0,20.0,39.6,0,18.53,0.462,1,0
34.0,24.5,34.9,1,27.69,0.388,0,1
32.5,22.3,60.9,0,18.42,0.557,0,0
43.7,39.1,52.6,0,20.37,0.97,1,0
35.2,32.4,29.1,1,9.44,0.314,0,0
42.9,10.4,47.2,1,19.82,0.52,0,0
43.3,14.2,27.6,2,22.74,0.48,1,0
26.3,36.8,49.2,0,19.08,0.717,0,0
34.2,46.0,25.2,0,40.73,0.73,1,1
57.3,24.7,57.9,1,14.66,0.729,1,0
26.1,49.2,55.7,1,18.08,0.202,0,0
18.0,23.0,78.6,2,16.05,0.449,0,0
18.0,11.7,62.7,0,18.08,0.811,1,0
40.3,30.7,43.7,1,31.6,0.382,0,1
40.4,91.5,62.3,0,36.95,0.984,0,1
38.6,8.8,29.0,1,17.24,0.365,0,0
54.6,48.2,35.6,0,17.1,0.498,0,0
18.0,29.7,55.0,1,14.69,0.475,1,0
44.8,13.6,17.6,0,34.79,0.434,1,1
58.7,4.9,49.4,2,32.61,0.846,1,1
26.5,3.4,34.7,0,21.22,0.155,0,0
35.4,15.1,51.5,2,13.51,0.568,0,0
31.0,26.9,33.8,0,13.94,0.619,1,0
29.3,35.3,56.4,0,23.38,0.851,0,0
36.1,40.0,50.3,1,26.7,0.609,1,1
57.1,25.5,71.0,2,10.69,0.96,0,0
62.0,23.2,50.1,1,19.68,0.872,0,0
36.0,17.3,38.5,0,38.81,0.349,0,1
62.9,27.3,46.3,1,20.41,0.86,0,0
40.4,13.8,29.8,2,37.1,0.958,0,1
61.0,9.1,56.1,1,27.64,0.257,0,1
38.9,22.4,58.8,2,15.07,0.61,0,0
41.6,33.7,87.0,1,19.88,0.282,0,0
44.4,7.7,40.7,1,21.06,0.65,1,0
78.1,15.1,46.0,0,15.78,0.094,0,0
50.2,21.9,41.4,0,15.69,0.734,1,0
31.5,21.6,53.2,0,37.32,0.42,0,1
51.6,29.3,55.7,1,15.65,0.587,0,0
35.7,56.7,49.2,0,32.13,0.026,0,1
34.1,3.4,66.3,0,18.91,0.695,1,0
50.9,58.2,40.7,0,21.83,0.496,1,0
40.4,55.3,64.8,2,26.81,0.625,1,1
43.3,35.6,58.1,1,17.86,0.316,0,0
40.2,24.4,49.8,2,26.87,0.146,1,1
44.0,14.0,45.3,3,10.76,0.435,1,0
45.1,35.4,86.4,0,25.69,0.944,1,1
18.0,25.2,37.7,1,9.28,0.228,0,0
48.0,17.5,54.5,2,20.35,0.676,1,0
28.2,34.8,38.7,0,29.7,0.05,0,1
22.7,38.3,76.8,1,27.39,0.718,1,1
39.3,45.8,63.3,2,13.98,0.238,0,0
41.0,13.0,39.8,1,14.63,0.452,0,0
31.7,42.5,57.7,1,17.31,0.368,0,0
50.0,17.7,53.9,2,23.51,0.113,1,0
23.9,24.4,42.3,2,10.82,0.346,0,0
35.1,27.3,61.4,3,21.92,0.35,0,0
33.0,40.5,55.8,2,24.56,0.522,0,0
39.4,32.8,53.2,0,19.95,0.972,1,0
43.3,17.3,49.4,0,26.47,0.47,0,1
27.9,3.9,56.5,1,23.82,0.914,1,0
48.7,29.1,53.4,0,18.22,0.462,0,0
40.8,23.8,50.9,0,11.19,0.108,1,0
18.0,8.7,40.4,1,23.08,0.23,1,0
18.0,25.6,75.4,4,15.78,0.408,1,0
39.9,21.7,34.2,1,17.99,0.325,1,0
37.3,45.6,56.4,1,26.05,0.866,0,1
38.8,60.4,45.2,2,36.17,0.679,0,1
39.7,37.8,76.4,1,21.73,0.578,1,0
42.7,20.9,36.4,0,26.74,0.491,0,1
51.4,22.9,39.0,1,13.29,0.397,0,0
26.7,12.6,35.5,2,24.0,0.612,1,0
25.9,14.3,54.9,2,21.57,0.125,0,0
26.9,20.2,29.4,0,33.87,0.163,0,1
43.5,18.9,42.8,1,18.23,0.303,1,0
54.9,8.3,17.7,1,20.24,0.171,0,0
34.8,45.8,53.6,1,31.91,0.677,0,1
18.0,49.5,42.5,0,21.33,0.025,0,0
19.6,45.0,27.7,1,14.94,0.16,0,0
30.0,50.4,66.3,1,53.8,0.903,1,1
33.3,70.3,30.4,1,15.1,0.998,1,0
35.1,12.8,62.0,0,21.53,0.488,0,0
40.5,68.6,39.5,1,24.87,0.495,0,0
36.3,17.3,74.0,0,24.19,0.773,0,1
52.6,31.6,61.2,0,20.61,0.036,0,0
31.9,6.8,34.9,0,20.65,0.427,1,0
29.7,15.8,36.2,1,20.29,0.1,1,0
45.7,38.4,59.1,0,14.9,0.401,0,0
21.6,32.5,46.1,1,46.75,0.984,1,1
44.7,17.0,47.5,0,20.39,0.754,1,0
41.2,22.9,69.1,2,27.14,0.985,0,1
38.2,14.8,38.8,0,19.59,0.746,1,0
59.1,38.3,51.4,0,19.45,0.608,1,0
32.5,47.6,64.3,0,18.78,0.754,0,0
64.7,12.8,62.1,1,12.8,0.659,0,0
37.3,21.5,47.6,2,20.82,0.464,1,0
24.7,8.1,45.7,2,19.1,0.293,1,0
40.8,25.1,23.9,1,33.19,0.52,0,1
27.1,29.7,34.2,1,14.49,0.258,0,0
31.0,26.3,54.8,0,18.0,0.487,1,0
44.8,28.3,47.9,1,16.08,0.146,0,0
46.7,20.1,51.1,1,36.49,0.565,0,1
32.5,20.4,65.6,0,16.25,0.245,0,0
51.8,19.8,32.2,0,26.82,0.294,1,1
53.9,15.5,46.5,1,30.93,0.499,1,1
57.2,16.8,52.8,1,20.93,0.163,1,0
46.4,28.9,39.4,1,13.6,0.962,0,0
56.4,45.9,71.5,0,13.66,0.447,0,0
18.0,11.3,63.6,1,29.76,0.352,0,1
36.2,20.4,54.4,1,14.17,0.029,0,0
29.6,9.7,76.9,1,25.27,0.843,0,0
41.4,15.7,27.5,2,22.93,0.626,1,0
33.1,17.5,49.9,1,25.13,0.416,1,1
38.0,24.0,55.5,0,25.98,0.246,1,1
62.6,23.6,36.3,1,15.89,0.745,0,0
38.0,21.4,54.5,4,15.66,0.945,0,0
45.0,27.5,33.4,1,28.29,0.381,0,1
37.2,12.1,60.4,1,17.67,0.135,0,0
40.9,24.2,65.9,0,8.41,0.109,0,0
40.1,33.1,54.1,2,27.64,0.006,0,1
45.4,12.0,22.2,0,15.33,0.744,1,0
54.0,5.8,35.5,1,25.94,0.981,0,1
59.8,38.2,58.5,2,35.86,0.993,0,1
43.7,9.9,50.3,0,22.16,0.784,0,0
47.1,15.2,9.6,0,31.21,0.162,1,1
26.2,32.5,68.6,0,23.24,0.978,0,0
38.9,11.6,52.0,0,38.39,0.328,0,1
51.3,36.7,37.7,0,15.19,0.334,0,0
50.4,13.8,64.9,0,21.96,0.687,0,0
42.5,12.6,39.8,0,27.88,0.049,1,1
50.6,9.7,39.7,0,20.61,0.826,0,0
45.9,13.9,55.4,1,32.97,0.997,0,1
54.4,30.0,76.7,1,18.94,0.775,1,0
43.5,15.2,74.4,0,45.45,0.782,0,1
35.7,38.3,55.4,0,46.29,0.39,1,1
44.0,21.9,56.9,1,24.31,0.066,0,0
18.0,23.1,61.9,1,26.73,0.793,1,1
44.6,12.4,31.1,1,33.43,0.597,0,1
18.0,41.5,59.7,0,14.54,0.909,0,0
19.3,33.2,39.0,1,13.92,0.116,0,0
45.4,32.7,54.8,0,34.19,0.305,1,1
45.7,19.4,46.6,1,24.24,0.361,0,0
26.1,8.8,57.5,0,20.35,0.683,1,0
31.5,23.8,51.8,0,22.11,0.788,1,0
56.4,29.3,3.9,0,9.56,0.961,0,0
34.2,29.5,52.7,2,20.61,0.295,0,0
66.9,27.2,59.6,0,16.92,0.494,0,0
40.0,26.5,56.7,2,30.37,0.029,1,1
44.9,13.7,48.5,2,31.2,0.253,1,1
59.4,14.2,74.6,0,26.95,0.374,0,1
41.6,9.8,54.7,0,25.3,0.594,0,1
28.0,38.5,56.6,2,13.04,0.471,1,0
38.7,58.9,65.7,0,27.08,0.364,0,1
39.6,90.5,55.4,1,27.45,0.624,0,1
23.6,24.8,36.5,0,34.06,0.829,0,1
36.9,26.6,13.4,1,46.23,0.242,0,1
31.1,19.9,42.8,0,12.18,0.343,1,0
51.1,24.6,61.4,0,19.23,0.705,1,0
40.4,11.5,44.7,1,16.99,0.778,0,0
36.6,19.6,62.0,2,23.4,0.825,0,0
38.7,12.7,52.2,1,22.13,0.209,1,0
42.7,18.1,69.3,0,20.29,0.539,0,0
47.4,13.5,45.6,3,31.56,0.9,0,1
28.0,29.3,57.0,0,14.98,0.392,0,0
27.5,31.4,57.6,1,15.3,0.43,1,0
53.3,26.1,72.5,1,15.39,0.985,1,0
35.1,14.2,24.4,2,19.42,0.113,1,0
23.0,9.3,43.1,0,14.33,0.706,0,0
45.3,31.7,62.7,1,21.66,0.85,1,0
45.6,21.9,73.2,0,20.79,0.151,0,0
21.6,5.6,53.6,1,16.73,0.714,1,0
42.8,23.7,45.6,1,29.91,0.47,0,1
48.8,26.7,61.4,0,21.57,0.853,0,0
44.5,7.1,63.0,1,31.95,0.907,0,1
47.6,29.6,44.6,1,20.57,0.872,0,0
23.1,8.0,55.0,2,21.84,0.064,0,0
44.0,13.2,67.7,0,18.09,0.757,0,0
36.4,8.0,78.4,0,21.97,0.922,1,0
34.2,12.3,61.1,3,28.26,0.621,1,1
50.4,9.3,50.7,1,19.07,0.601,0,0
57.8,38.4,49.2,2,26.41,0.045,0,1
61.5,18.7,58.4,0,16.57,0.856,0,0
55.8,16.3,48.3,0,28.73,0.046,0,1
38.7,40.4,52.8,0,17.98,0.314,0,0
44.2,39.3,34.1,1,29.68,0.926,1,1
49.2,17.2,69.5,0,22.5,0.95,1,0
41.5,25.8,32.9,2,37.51,0.992,0,1
41.6,14.9,43.5,1,14.71,0.476,1,0
49.9,20.5,51.5,0,13.14,0.177,1,0
39.3,10.5,79.9,1,17.75,0.488,0,0
31.2,28.0,43.7,0,13.57,0.102,1,0
35.0,41.3,40.0,0,13.58,0.873,0,0
47.6,37.3,41.7,1,27.38,0.561,0,1
40.0,22.5,74.9,1,21.99,0.405,1,0
44.1,5.2,7.8,3,18.62,0.08,1,0
48.0,14.5,35.0,1,19.24,0.405,0,0
35.5,20.5,91.0,0,17.87,0.866,0,0
49.1,8.5,58.9,0,39.25,0.703,1,1
44.5,7.4,33.4,0,17.03,0.082,0,0
25.2,47.8,49.4,0,13.87,0.16,1,0
57.3,34.8,51.0,0,29.1,0.392,1,1
34.0,29.3,62.7,0,20.42,0.101,0,0
20.1,32.6,77.6,0,44.96,0.934,1,1
27.5,9.5,55.8,1,18.32,0.652,1,0
27.7,12.0,41.9,1,29.62,0.095,1,1
40.6,24.9,61.8,2,32.17,0.788,0,1
36.7,26.0,39.5,1,18.35,0.368,0,0
36.0,8.1,34.5,2,16.98,0.245,0,0
47.4,23.9,23.6,1,28.55,0.57,1,1
44.1,20.8,26.5,0,26.94,0.013,1,1
43.8,36.6,36.6,0,13.44,0.465,1,0
44.9,26.1,32.3,0,14.84,0.844,0,0
47.4,50.8,54.7,0,9.07,0.928,0,0
18.0,17.2,32.0,1,27.13,0.343,0,1
35.6,10.0,2.8,1,20.1,0.642,1,0
18.0,50.1,34.3,0,20.81,0.227,0,0
40.4,26.9,42.9,0,12.19,0.56,1,0
39.9,20.8,40.9,2,15.0,0.254,0,0
52.5,12.3,72.8,0,18.63,0.571,0,0
54.3,17.3,40.8,2,17.41,0.172,1,0
42.4,16.8,63.2,0,22.95,0.941,0,0
34.0,9.7,49.7,0,27.02,0.887,0,1
45.8,3.9,49.4,2,48.75,0.337,1,1
33.7,16.5,37.5,0,21.87,0.777,0,0
40.0,33.0,49.1,2,32.55,0.096,1,1
51.8,43.3,38.5,1,16.47,0.74,1,0
33.3,37.4,52.6,0,12.26,0.282,1,0
49.7,38.7,46.5,1,19.47,0.136,0,0
48.1,10.5,35.8,2,12.59,0.678,0,0
28.5,25.2,64.9,0,22.14,0.47,1,0
51.7,29.4,56.4,1,16.76,0.53,0,0
48.4,30.5,43.3,1,11.11,0.521,1,0
41.2,20.5,52.2,0,40.44,0.059,1,1
30.9,23.4,48.7,1,18.25,0.051,0,0
29.7,36.8,37.0,1,12.42,0.601,0,0
33.5,28.8,51.1,1,30.16,0.624,1,1
46.5,31.9,40.7,2,17.07,0.047,0,0
28.5,16.0,35.8,0,32.26,0.378,0,1
45.3,31.0,25.7,1,17.04,0.613,1,0
25.1,23.2,44.6,1,18.23,0.657,0,0
37.6,34.7,58.5,1,24.85,0.828,0,1
41.3,13.7,39.6,1,27.11,0.421,1,1
69.3,33.1,87.8,0,28.82,0.548,1,1
23.5,17.5,63.3,1,21.35,0.579,0,0
57.7,33.2,69.6,0,26.5,0.312,1,1
41.8,25.3,61.9,2,28.59,0.054,1,1
44.9,22.2,77.8,1,23.63,0.004,0,0
41.4,18.1,38.2,1,20.95,0.836,0,0
45.3,20.9,11.6,0,13.28,0.2,1,0
38.2,16.6,43.3,0,27.17,0.63,0,1
57.4,17.9,58.4,0,22.35,0.577,1,0
34.5,28.4,52.3,1,19.06,0.4,0,0
53.6,6.3,54.1,1,34.45,0.833,0,1
32.3,33.0,69.8,0,13.36,0.698,0,0
39.3,33.3,55.7,3,39.16,0.023,0,1
27.1,18.4,62.0,0,21.86,0.777,1,0
45.5,23.7,35.9,1,24.62,0.507,0,0
57.3,11.5,33.6,0,19.18,0.347,1,0
39.1,27.3,74.2,2,12.29,0.727,0,0
37.6,12.4,51.5,1,20.98,0.686,1,0
26.6,1.9,40.7,0,24.76,0.311,1,1
37.2,42.4,40.7,1,27.91,0.983,0,1
20.9,10.6,40.3,0,20.55,0.649,0,0
29.0,20.6,39.4,0,10.23,0.606,1,0
42.7,24.3,30.8,3,12.84,0.07,1,0
55.8,28.3,27.5,2,45.17,0.279,0,1
73.7,21.7,47.1,1,15.03,0.447,0,0
33.0,25.5,41.1,0,36.3,0.631,1,1
57.2,18.2,66.6,0,15.88,0.513,0,0
42.9,7.3,54.4,0,20.66,0.763,1,0
38.2,21.2,54.0,2,27.41,0.263,0,1
45.2,30.6,38.9,1,16.53,0.702,0,0
40.7,11.0,48.2,0,38.46,0.817,1,1
41.3,24.4,55.4,0,22.62,0.765,0,0
35.1,56.5,60.7,0,25.88,0.771,1,1
23.2,20.4,48.6,0,20.06,0.889,0,0
21.5,21.0,66.2,0,27.74,0.084,0,1
47.8,6.8,50.1,0,38.28,0.697,0,1
36.7,10.2,61.9,0,21.04,0.969,0,0
32.8,12.5,42.7,1,40.35,0.574,1,1
40.1,29.9,22.8,0,17.78,0.217,1,0
49.5,11.6,54.0,1,28.78,0.999,1,1
42.2,5.1,60.9,1,26.14,0.175,0,1
32.1,27.0,58.6,1,15.15,0.336,0,0
54.7,13.3,56.3,1,23.74,0.172,0,0
59.0,7.0,44.8,0,22.08,0.465,1,0
45.9,32.0,37.9,0,16.34,0.419,0,0
51.7,16.9,58.3,0,24.97,0.491,0,1
54.9,28.5,56.4,1,23.18,0.928,0,0
53.6,6.8,41.6,0,21.47,0.478,0,0
47.4,3.6,66.6,1,21.5,0.515,1,0
47.2,23.1,36.8,0,21.34,0.887,1,0
46.2,9.9,41.2,1,19.37,0.818,1,0
26.8,22.9,74.5,3,23.13,0.24,0,0
48.4,23.2,63.0,0,17.58,0.013,0,0
23.7,21.4,44.6,1,55.82,0.629,0,1
30.5,38.5,54.3,1,13.45,0.845,1,0
55.6,83.3,52.3,0,17.95,0.553,1,0
50.1,26.7,8.8,0,18.45,0.211,0,0
57.8,56.5,36.4,0,44.99,0.741,1,1
36.7,17.2,49.2,0,13.88,0.67,0,0
26.2,8.6,44.7,1,25.57,0.565,0,1
37.1,13.9,53.7,2,24.03,0.863,0,0
41.2,17.8,66.9,1,24.75,0.784,0,0
40.9,59.1,45.2,0,33.95,0.668,1,1
53.6,22.2,34.1,1,33.71,0.665,1,1
35.7,39.3,54.9,3,18.81,0.662,1,0
44.2,16.3,45.1,2,23.57,0.525,1,0
28.1,15.0,47.7,3,11.47,0.464,1,0
45.4,6.6,45.6,1,22.8,0.71,0,0
40.0,58.1,83.6,1,16.68,0.61,0,0
31.0,46.7,16.4,1,20.64,0.49,0,0
37.2,24.6,44.2,1,12.21,0.127,1,0
37.8,18.5,49.9,0,25.38,0.702,1,1
36.8,22.7,38.3,0,12.16,0.646,1,0
61.3,8.4,63.5,1,23.2,0.342,0,0
38.8,28.4,62.2,1,14.34,0.356,0,0
37.1,44.5,49.3,1,16.36,0.247,1,0
18.0,45.8,45.9,1,33.0,0.962,0,1
29.3,6.8,48.3,2,27.06,0.86,0,1
36.8,39.1,48.4,0,32.93,0.561,0,1
31.8,8.4,48.8,0,38.02,0.402,0,1
56.6,3.8,47.2,1,16.81,0.737,1,0
38.0,39.9,53.8,1,37.22,0.528,1,1
55.5,15.5,61.3,0,13.19,0.976,1,0
40.7,36.8,31.5,2,28.6,0.055,0,1
40.4,34.9,34.2,2,18.53,0.034,0,0
38.9,32.4,23.8,1,15.91,0.569,1,0
40.0,22.5,63.0,2,27.31,0.203,0,1
60.6,9.1,53.8,0,30.66,0.604,0,1
18.0,17.9,57.6,1,30.34,0.781,1,1
18.0,46.2,28.6,1,23.75,0.138,0,0
33.5,37.3,76.8,0,23.07,0.441,0,0
40.2,18.5,40.9,1,26.49,0.689,1,1
48.3,18.3,52.5,0,24.5,0.834,1,1
45.7,30.8,62.8,1,26.62,0.496,0,1
35.4,23.5,35.2,0,23.66,0.206,0,0
52.2,19.1,41.8,1,29.58,0.586,1,1
52.4,29.3,52.7,1,12.46,0.455,1,0
42.2,28.7,92.9,0,21.04,0.772,1,0
51.6,14.2,54.5,2,13.57,0.556,0,0
43.3,26.3,74.1,1,24.27,0.279,1,1
33.3,27.7,68.1,4,39.13,0.754,1,1
48.4,21.5,55.5,1,18.66,0.518,0,0
41.3,13.2,35.2,1,23.03,0.178,0,0
40.0,17.5,65.9,0,28.7,0.563,1,1
57.7,11.4,27.5,0,10.68,0.948,1,0
18.0,26.8,74.0,0,18.35,0.706,1,0
23.0,6.9,53.0,0,25.02,0.299,1,0
25.8,48.9,10.2,0,7.99,0.711,1,0
35.6,43.4,44.9,2,15.65,0.283,0,0
36.9,28.1,59.8,2,32.38,0.543,0,1
21.9,36.1,46.4,3,31.29,0.527,1,1
28.2,34.7,60.7,1,25.11,0.247,0,0
29.7,23.7,37.2,1,29.99,0.348,0,1
69.5,19.4,30.4,1,23.75,0.942,1,0
61.6,18.0,48.9,0,26.75,0.251,0,1
35.1,49.9,50.5,1,19.72,0.801,1,0
35.6,12.9,44.8,1,22.94,0.667,0,0
26.2,13.0,68.4,1,17.65,0.533,0,0
18.0,37.9,37.2,1,34.28,0.138,0,1
38.6,35.9,54.7,0,37.52,0.205,1,1
28.0,18.7,51.0,0,35.7,0.179,1,1
39.0,29.9,26.6,3,19.09,0.587,0,0
20.8,32.2,30.2,1,15.77,0.973,0,0
30.9,8.8,50.2,1,34.44,0.877,0,1
41.8,44.9,79.7,0,26.65,0.025,1,1
44.4,32.1,58.7,2,24.71,0.274,1,1
45.0,28.4,24.1,0,17.65,0.157,1,0
24.2,32.3,3.3,0,25.57,0.976,0,0
50.3,26.4,61.0,0,15.07,0.236,1,0
30.4,20.8,48.6,0,27.5,0.201,0,1
47.6,4.9,67.1,1,35.69,0.621,0,1
39.9,23.9,36.8,3,38.98,0.556,0,1
23.5,8.2,55.3,0,28.23,0.226,0,1
36.2,61.0,62.7,0,13.58,0.67,0,0
44.4,20.5,43.3,0,23.6,0.097,1,0
47.4,60.4,43.6,2,46.58,0.019,0,1
38.3,24.1,50.4,0,16.25,0.082,1,0
58.4,15.0,58.1,1,21.57,0.365,1,0
52.1,44.2,49.8,1,36.12,0.975,0,1
36.9,27.7,64.6,0,27.34,0.547,0,1
49.0,73.3,43.1,0,52.47,0.755,1,1
63.2,14.7,30.1,0,17.04,0.321,0,0
63.5,45.3,79.7,0,15.58,0.719,0,0
25.3,46.6,40.9,1,33.81,0.966,0,1
28.9,33.7,41.5,1,14.49,0.358,1,0
57.8,46.8,49.0,0,20.56,0.999,1,0
27.3,20.8,51.0,0,21.53,0.638,1,0
